{
  "id": "frog-continuum",
  "title": "Frog Continuum",
  "version": "1.0.5",
  "compatibility": {
    "minimum": "12",
    "verified": "12"
  },
  "description": "Test package, Modules  contain compendiums, adventures are a type of compendium",
  "authors": [
    {
      "name": "Chris Milum",
      "flags": {}
    }
  ],
  "packs": [
    {
      "name": "croakonus-expanse",
      "label": "Croakonus Expanse",
      "path": "packs/croakonus-expanse",
      "type": "Adventure",
      "system": "dnd5e",
      "ownership": {
        "PLAYER": "OBSERVER",
        "ASSISTANT": "OWNER"
      }
    },
    {
      "name": "characters",
      "label": "Characters",
      "path": "packs/characters",
      "type": "Actor",
      "system": "dnd5e",
      "ownership": {
        "PLAYER": "OBSERVER",
        "ASSISTANT": "OWNER"
      }
    },
    {
      "name": "monsters",
      "label": "Monsters",
      "path": "packs/monsters",
      "type": "Actor",
      "ownership": {
        "PLAYER": "OBSERVER",
        "ASSISTANT": "OWNER"
      },
      "system": "dnd5e"
    }
  ],
  "packFolders": [
    {
      "name": "Froghammer 4TK: Frog Trader",
      "sorting": "m",
      "packs": [],
      "color": "#00ff00",
      "folders": [
        {
          "name": "Plot",
          "sorting": "m",
          "color": "#ff0000",
          "packs": [
            "croakonus-expanse"
          ],
          "folders": []
        },
        {
          "name": "Characters",
          "sorting": "m",
          "color": "#0000ff",
          "packs": [
            "characters"
          ],
          "folders": []
        },
        {
          "name": "Monsters",
          "sorting": "m",
          "color": "#000000",
          "packs": [
            "monsters"
          ],
          "folders": []
        }
      ]
    }
  ],
  "esmodules": [
    "scripts/welcome.js"
  ]
}